ID_Cliente,Nome,Idade,Sexo,Cidade,Estado,Canal_Aquisicao,Faixa_Etaria
1,Cauã Guerra,56,M,São Paulo,RS,Loja Física,Adulto
2,Luísa Vargas,69,M,Rio de Janeiro,RJ,Online,Idoso
3,Larissa Monteiro,46,M,Porto Alegre,PR,Online,Adulto
4,Larissa Ribeiro,32,F,Porto Alegre,PR,Loja Física,Adulto
5,Otávio Castro,60,M,Belo Horizonte,RJ,Online,Adulto
6,Ana Carvalho,25,M,Rio de Janeiro,RJ,Online,Jovem
7,Henry da Mota,38,M,Belo Horizonte,MG,Online,Adulto
8,Pedro Porto,56,F,Rio de Janeiro,PR,Loja Física,Adulto
9,Ian Macedo,36,F,Belo Horizonte,PR,Online,Adulto
10,Sara Vieira,40,M,Porto Alegre,MG,Loja Física,Adulto
11,Ana Beatriz Silva,28,M,Porto Alegre,SP,Online,Adulto
12,Alexandre Cunha,28,M,São Paulo,MG,Online,Adulto
13,Luiz Gustavo Machado,41,M,Belo Horizonte,RS,Online,Adulto
14,Rafael Sousa,53,F,Curitiba,PR,Loja Física,Adulto
15,Isabelly Dias,57,F,São Paulo,RJ,Loja Física,Adulto
16,Srta. Ana Liz Rezende,41,F,Belo Horizonte,RS,Online,Adulto
17,Pedro Miguel Borges,20,F,Belo Horizonte,PR,Loja Física,Jovem
18,Maria Helena Pimenta,39,M,São Paulo,MG,Online,Adulto
19,Augusto Brito,19,M,Porto Alegre,RS,Loja Física,Jovem
20,Cecilia Costa,41,M,Belo Horizonte,PR,Loja Física,Adulto
21,Cauã Câmara,61,F,Porto Alegre,SP,Online,Adulto
22,Zoe Castro,47,M,São Paulo,SP,Online,Adulto
23,Ísis Dias,55,F,Porto Alegre,RJ,Online,Adulto
24,José Pedro Rodrigues,19,F,Rio de Janeiro,PR,Online,Jovem
25,Dra. Clarice Barros,38,M,Curitiba,SP,Loja Física,Adulto
26,João Vitor Campos,50,M,Belo Horizonte,MG,Loja Física,Adulto
27,Alana da Conceição,29,M,Curitiba,PR,Loja Física,Adulto
28,Liam Nogueira,39,F,Porto Alegre,MG,Online,Adulto
29,Helena Ramos,61,M,Belo Horizonte,MG,Online,Adulto
30,Sarah Monteiro,42,F,Porto Alegre,SP,Loja Física,Adulto
31,Dr. Lucca Sousa,66,M,Rio de Janeiro,PR,Online,Idoso
32,Gustavo Nascimento,44,F,São Paulo,RS,Loja Física,Adulto
33,Valentina Siqueira,59,F,Belo Horizonte,SP,Loja Física,Adulto
34,Luiza Lopes,45,M,Rio de Janeiro,SP,Loja Física,Adulto
35,Srta. Ana Sophia Souza,33,F,Rio de Janeiro,PR,Loja Física,Adulto
36,Caio Sales,32,F,Belo Horizonte,PR,Loja Física,Adulto
37,Levi Pacheco,64,M,Porto Alegre,MG,Online,Adulto
38,Eduardo Moura,68,F,Rio de Janeiro,PR,Online,Idoso
39,Isabela Ribeiro,61,M,Curitiba,MG,Online,Adulto
40,Marcela Marques,69,F,Rio de Janeiro,SP,Loja Física,Idoso
41,Maya Caldeira,20,M,Porto Alegre,RJ,Loja Física,Jovem
42,Yasmin Jesus,54,M,Porto Alegre,RS,Loja Física,Adulto
43,Benjamin da Luz,68,F,Curitiba,SP,Loja Física,Idoso
44,Ian Cassiano,24,F,Rio de Janeiro,PR,Online,Jovem
45,Igor Farias,38,F,Porto Alegre,RS,Online,Adulto
46,Giovanna Novais,26,F,Belo Horizonte,RJ,Loja Física,Adulto
47,Brayan da Paz,56,F,São Paulo,RJ,Loja Física,Adulto
48,Caio Sá,35,M,São Paulo,MG,Loja Física,Adulto
49,Maria Julia Porto,21,F,São Paulo,RS,Online,Jovem
50,Thales Ramos,42,M,Rio de Janeiro,MG,Online,Adulto
51,Antonella Pereira,31,M,Curitiba,SP,Online,Adulto
52,João Lucas Rezende,67,F,Porto Alegre,RS,Loja Física,Idoso
53,Elisa Vargas,26,M,Belo Horizonte,SP,Loja Física,Adulto
54,Davi Lucas Araújo,43,M,Belo Horizonte,MG,Online,Adulto
55,Emanuelly Moreira,19,M,Rio de Janeiro,RS,Loja Física,Jovem
56,Allana Cavalcanti,37,M,São Paulo,MG,Online,Adulto
57,Asafe Mendonça,45,F,Rio de Janeiro,RS,Loja Física,Adulto
58,Dr. Nicolas Pacheco,64,M,Curitiba,MG,Online,Adulto
59,Ana Carolina Montenegro,24,F,Curitiba,RJ,Loja Física,Jovem
60,Enzo Gabriel Vasconcelos,61,F,Porto Alegre,MG,Online,Adulto
61,Vinícius Albuquerque,25,M,Porto Alegre,RJ,Online,Jovem
62,Isabelly da Costa,64,F,Curitiba,MG,Online,Adulto
63,Daniel da Mata,52,F,Curitiba,RS,Online,Adulto
64,Hellena Silva,31,F,Curitiba,RS,Online,Adulto
65,Cauã Sousa,34,M,Rio de Janeiro,RS,Online,Adulto
66,Manuella Araújo,53,F,Curitiba,PR,Loja Física,Adulto
67,Emanuelly Casa Grande,67,F,Belo Horizonte,SP,Loja Física,Idoso
68,Maria Eduarda Nunes,57,F,São Paulo,RS,Loja Física,Adulto
69,Bella Nogueira,21,M,Curitiba,RJ,Online,Jovem
70,Heitor Siqueira,19,F,São Paulo,RS,Online,Jovem
71,Dr. Gael Henrique da Cunha,23,M,Rio de Janeiro,PR,Loja Física,Jovem
72,Thomas Lopes,59,M,São Paulo,RJ,Online,Adulto
73,Igor Costa,21,M,Rio de Janeiro,PR,Online,Jovem
74,Gustavo Henrique Rocha,46,M,Belo Horizonte,RJ,Online,Adulto
75,Gabriel Souza,35,M,Rio de Janeiro,MG,Online,Adulto
76,Davi Miguel Santos,43,M,Rio de Janeiro,SP,Online,Adulto
77,Dra. Daniela Barros,61,F,Porto Alegre,SP,Loja Física,Adulto
78,Rafaela Leão,51,M,Curitiba,PR,Loja Física,Adulto
79,Ana Clara Costa,27,F,Curitiba,SP,Loja Física,Adulto
80,Vicente Correia,53,F,Belo Horizonte,PR,Loja Física,Adulto
81,Théo Guerra,31,M,Belo Horizonte,PR,Loja Física,Adulto
82,Alana Mendonça,48,F,Curitiba,PR,Online,Adulto
83,Gael Henrique da Rocha,65,F,Porto Alegre,SP,Online,Adulto
84,Lívia Martins,32,F,Curitiba,PR,Online,Adulto
85,Davi Miguel Rios,25,F,Porto Alegre,SP,Online,Jovem
86,Vinicius Silveira,31,M,Belo Horizonte,PR,Loja Física,Adulto
87,Maria Sophia Rodrigues,40,F,São Paulo,RS,Loja Física,Adulto
88,Eduardo Alves,57,M,Belo Horizonte,PR,Loja Física,Adulto
89,Gabriel Ribeiro,38,F,Belo Horizonte,RJ,Online,Adulto
90,Nicole Pires,33,F,Rio de Janeiro,PR,Loja Física,Adulto
91,Ágatha da Paz,62,M,Rio de Janeiro,MG,Online,Adulto
92,Ana Cecília Nogueira,35,F,Rio de Janeiro,PR,Loja Física,Adulto
93,Julia da Cunha,64,F,Rio de Janeiro,RJ,Loja Física,Adulto
94,Beatriz Cirino,41,F,Porto Alegre,RJ,Online,Adulto
95,Otto Leão,43,M,Curitiba,SP,Online,Adulto
96,Eduarda Nunes,42,F,São Paulo,RS,Loja Física,Adulto
97,Mariana Abreu,62,M,Belo Horizonte,PR,Loja Física,Adulto
98,Srta. Maya Aparecida,58,F,Porto Alegre,SP,Online,Adulto
99,Ana Lívia Pereira,46,M,São Paulo,RS,Loja Física,Adulto
100,Pedro Lucas Aparecida,32,M,Porto Alegre,PR,Loja Física,Adulto
101,Arthur Ferreira,62,F,Porto Alegre,MG,Online,Adulto
102,Ísis Pereira,18,F,Belo Horizonte,PR,Loja Física,Jovem
103,Danilo Guerra,42,M,Curitiba,RJ,Online,Adulto
104,Luigi Macedo,24,M,Rio de Janeiro,RJ,Loja Física,Jovem
105,Sabrina da Mota,26,F,Curitiba,MG,Online,Adulto
106,Caio Nunes,41,M,Belo Horizonte,SP,Loja Física,Adulto
107,Luiz Otávio Nogueira,18,F,Belo Horizonte,RS,Online,Jovem
108,Otto Melo,61,F,Belo Horizonte,PR,Loja Física,Adulto
109,Ravi Lucca Sampaio,25,F,São Paulo,RJ,Online,Jovem
110,Mathias Marques,41,F,Curitiba,SP,Loja Física,Adulto
111,Srta. Eloá Rios,28,M,Curitiba,MG,Loja Física,Adulto
112,Ana Beatriz Gomes,68,F,Porto Alegre,RJ,Loja Física,Idoso
113,Asafe Ramos,34,M,Porto Alegre,MG,Loja Física,Adulto
114,Ravi Albuquerque,25,F,Porto Alegre,PR,Loja Física,Jovem
115,Dr. Luiz Miguel da Mata,52,M,Belo Horizonte,RS,Loja Física,Adulto
116,Eduarda Novais,52,F,Curitiba,RJ,Loja Física,Adulto
117,Maria Castro,50,M,Belo Horizonte,RJ,Loja Física,Adulto
118,Murilo Silva,22,M,São Paulo,PR,Loja Física,Jovem
119,Bento Pinto,59,F,Porto Alegre,SP,Online,Adulto
120,Dr. Vinícius Mendonça,56,F,Belo Horizonte,RS,Online,Adulto
121,Eloá Souza,58,F,Belo Horizonte,RJ,Loja Física,Adulto
122,Alexandre Montenegro,45,F,São Paulo,RS,Online,Adulto
123,Ana Vitória Câmara,24,M,Rio de Janeiro,RJ,Loja Física,Jovem
124,Enrico da Rocha,26,F,Curitiba,RS,Loja Física,Adulto
125,Dr. André Pereira,25,M,Rio de Janeiro,MG,Online,Jovem
126,Camila da Mota,29,M,Porto Alegre,RJ,Loja Física,Adulto
127,Vitória Aparecida,51,F,Belo Horizonte,RS,Loja Física,Adulto
128,Alice da Conceição,50,M,São Paulo,SP,Online,Adulto
129,Mariana Costa,65,M,São Paulo,MG,Online,Adulto
130,Luigi Nascimento,40,M,Curitiba,MG,Loja Física,Adulto
131,Srta. Anna Liz Silva,41,M,Rio de Janeiro,SP,Online,Adulto
132,Sara Gomes,54,F,Curitiba,RS,Online,Adulto
133,Davi Lucas Cavalcante,52,F,Belo Horizonte,PR,Loja Física,Adulto
134,Dra. Maria Cecília Porto,61,F,Curitiba,SP,Online,Adulto
135,Bianca Aragão,57,F,São Paulo,RS,Online,Adulto
136,Juliana Lima,39,M,São Paulo,SP,Loja Física,Adulto
137,Melissa Porto,44,M,Porto Alegre,SP,Online,Adulto
138,Thomas Lopes,52,F,Porto Alegre,RJ,Online,Adulto
139,Dante Sousa,18,F,Belo Horizonte,RS,Loja Física,Jovem
140,Maria Eduarda Santos,52,F,Rio de Janeiro,PR,Loja Física,Adulto
141,Gustavo Henrique Cavalcante,54,M,Curitiba,RJ,Loja Física,Adulto
142,Dr. Fernando Silva,64,F,Belo Horizonte,SP,Online,Adulto
143,Thales Costa,31,F,Porto Alegre,SP,Loja Física,Adulto
144,Gustavo Henrique Garcia,20,F,Curitiba,SP,Loja Física,Jovem
145,Ana Carolina Almeida,18,M,Porto Alegre,RS,Online,Jovem
146,Davi Miguel Macedo,22,M,Curitiba,RS,Loja Física,Jovem
147,Vitor Hugo Machado,43,M,Rio de Janeiro,RJ,Loja Física,Adulto
148,Ana Vitória Câmara,31,M,Belo Horizonte,PR,Loja Física,Adulto
149,Anthony Gabriel da Rosa,56,M,Curitiba,RJ,Loja Física,Adulto
150,Melina Montenegro,44,M,São Paulo,MG,Online,Adulto
151,João Vitor Fonseca,26,M,São Paulo,SP,Loja Física,Adulto
152,João Felipe Barbosa,32,M,Curitiba,SP,Loja Física,Adulto
153,Arthur Gabriel Cirino,32,F,Curitiba,SP,Online,Adulto
154,Ravi Lucca Pastor,43,F,Curitiba,RJ,Loja Física,Adulto
155,Emanuella Martins,59,M,São Paulo,RJ,Online,Adulto
156,Felipe Cavalcanti,30,M,São Paulo,SP,Online,Adulto
157,Eduardo Siqueira,68,F,Curitiba,RJ,Online,Idoso
158,Ísis Guerra,49,M,Porto Alegre,RS,Loja Física,Adulto
159,Mirella Borges,56,M,Porto Alegre,RS,Online,Adulto
160,Maria Julia Novaes,66,M,Rio de Janeiro,RJ,Online,Idoso
161,Enzo Gabriel Pacheco,69,F,Belo Horizonte,SP,Online,Idoso
162,Antonella Azevedo,49,F,Porto Alegre,RJ,Loja Física,Adulto
163,Lorenzo Câmara,21,F,São Paulo,RJ,Loja Física,Jovem
164,Maria Laura Araújo,47,F,Porto Alegre,RJ,Loja Física,Adulto
165,Srta. Valentina Pacheco,54,F,Rio de Janeiro,MG,Loja Física,Adulto
166,Srta. Ana Lívia da Rosa,40,M,Rio de Janeiro,RS,Loja Física,Adulto
167,Dante Fernandes,56,F,Belo Horizonte,PR,Loja Física,Adulto
168,Letícia Rezende,62,M,Porto Alegre,PR,Loja Física,Adulto
169,Otávio Montenegro,32,M,São Paulo,MG,Online,Adulto
170,Valentina Abreu,60,F,São Paulo,RJ,Online,Adulto
171,Théo Brito,46,F,Curitiba,MG,Online,Adulto
172,Rhavi Lima,53,M,São Paulo,MG,Online,Adulto
173,Srta. Yasmin Ferreira,30,M,Belo Horizonte,SP,Loja Física,Adulto
174,João Lucas Pires,49,M,Belo Horizonte,RS,Online,Adulto
175,Olívia Borges,24,F,São Paulo,PR,Online,Jovem
176,Luiz Miguel Almeida,68,F,São Paulo,RJ,Online,Idoso
177,Davi Miguel Ferreira,39,F,Curitiba,PR,Online,Adulto
178,Letícia Rezende,45,F,São Paulo,PR,Loja Física,Adulto
179,Daniel Gonçalves,19,F,Curitiba,RS,Loja Física,Jovem
180,Danilo da Luz,59,M,Curitiba,PR,Loja Física,Adulto
181,Stephany Cunha,62,F,São Paulo,PR,Online,Adulto
182,Gabriela da Luz,23,M,Rio de Janeiro,MG,Loja Física,Jovem
183,Ana Carolina Sá,45,M,Rio de Janeiro,RS,Online,Adulto
184,Kevin Pastor,45,M,Curitiba,SP,Loja Física,Adulto
185,Guilherme Melo,61,F,São Paulo,RJ,Loja Física,Adulto
186,Gael Henrique Moraes,61,F,Rio de Janeiro,PR,Loja Física,Adulto
187,Dr. Rael Sampaio,37,F,São Paulo,RJ,Loja Física,Adulto
188,Alexandre Carvalho,47,M,São Paulo,SP,Loja Física,Adulto
189,Léo Rios,28,M,São Paulo,RJ,Online,Adulto
190,Zoe Barros,45,M,Porto Alegre,SP,Loja Física,Adulto
191,Anthony Gabriel Porto,42,M,São Paulo,MG,Online,Adulto
192,Sara Pires,56,M,Porto Alegre,PR,Online,Adulto
193,Lucas Camargo,50,M,Curitiba,SP,Online,Adulto
194,Ana Beatriz Vasconcelos,18,F,Rio de Janeiro,RJ,Online,Jovem
195,Raquel Barbosa,44,F,Rio de Janeiro,PR,Online,Adulto
196,Dr. Vinícius Duarte,69,F,Rio de Janeiro,MG,Loja Física,Idoso
197,Dra. Camila Fernandes,30,F,Rio de Janeiro,PR,Loja Física,Adulto
198,Srta. Eloá Lima,58,M,Rio de Janeiro,SP,Loja Física,Adulto
199,Helena Teixeira,20,M,Rio de Janeiro,MG,Loja Física,Jovem
200,Isabel Brito,56,F,Rio de Janeiro,RJ,Online,Adulto
201,Murilo Fernandes,23,M,Curitiba,MG,Loja Física,Jovem
202,Pedro Nascimento,25,F,São Paulo,MG,Loja Física,Jovem
203,Aylla Cavalcante,44,F,Belo Horizonte,RS,Online,Adulto
204,Dr. Benicio Pires,26,F,Porto Alegre,MG,Online,Adulto
205,Maya Cavalcanti,54,M,Belo Horizonte,MG,Loja Física,Adulto
206,Carolina da Luz,50,F,Belo Horizonte,PR,Loja Física,Adulto
207,Dr. Breno Albuquerque,68,F,São Paulo,RJ,Online,Idoso
208,Mateus Peixoto,59,F,São Paulo,PR,Loja Física,Adulto
209,Emanuel Sousa,61,M,São Paulo,PR,Loja Física,Adulto
210,Mirella Machado,41,M,Rio de Janeiro,SP,Loja Física,Adulto
211,Gabriel Mendonça,32,F,Curitiba,PR,Loja Física,Adulto
212,José Viana,49,M,Rio de Janeiro,RS,Online,Adulto
213,Júlia Montenegro,49,M,Curitiba,RS,Online,Adulto
214,Luiz Gustavo Pinto,41,M,Curitiba,SP,Online,Adulto
215,Gael da Paz,58,M,Belo Horizonte,RJ,Loja Física,Adulto
216,Lorenzo Barbosa,69,M,Belo Horizonte,RJ,Loja Física,Idoso
217,Dra. Manuella Viana,66,M,Curitiba,PR,Loja Física,Idoso
218,Levi Campos,66,M,Curitiba,PR,Loja Física,Idoso
219,Arthur Rezende,69,M,Rio de Janeiro,PR,Loja Física,Idoso
220,Liz Souza,29,M,Rio de Janeiro,RJ,Online,Adulto
221,Isis Moreira,56,M,Belo Horizonte,MG,Loja Física,Adulto
222,Arthur Gabriel Câmara,19,F,São Paulo,RS,Loja Física,Jovem
223,Yan Araújo,20,F,Curitiba,MG,Online,Jovem
224,Maria Fernanda da Cruz,66,M,Rio de Janeiro,MG,Loja Física,Idoso
225,Ana Clara Cirino,54,F,Belo Horizonte,RJ,Online,Adulto
226,Ester Gonçalves,66,F,Rio de Janeiro,MG,Online,Idoso
227,Antonella Vargas,34,M,Curitiba,SP,Online,Adulto
228,Pedro Miguel Sá,66,M,Curitiba,PR,Online,Idoso
229,Kaique Jesus,19,M,Porto Alegre,SP,Online,Jovem
230,Luiz Fernando da Luz,19,F,São Paulo,RS,Loja Física,Jovem
231,Kamilly Guerra,45,F,Porto Alegre,PR,Online,Adulto
232,Maria Helena Nascimento,40,M,Belo Horizonte,MG,Online,Adulto
233,Anthony Gabriel Porto,54,M,Rio de Janeiro,RS,Loja Física,Adulto
234,Mariane Moraes,49,M,Belo Horizonte,PR,Loja Física,Adulto
235,Enzo Gabriel Rios,50,F,Curitiba,MG,Online,Adulto
236,Maria Vitória Câmara,18,F,Porto Alegre,SP,Loja Física,Jovem
237,Aylla Cavalcanti,36,F,Porto Alegre,PR,Loja Física,Adulto
238,João Lucas Pacheco,19,F,Porto Alegre,MG,Online,Jovem
239,Isaque Sampaio,61,M,Belo Horizonte,SP,Online,Adulto
240,Heitor Monteiro,43,M,Curitiba,RS,Loja Física,Adulto
241,Dr. Eduardo da Cruz,49,M,Rio de Janeiro,RS,Online,Adulto
242,Dr. Samuel da Rosa,23,M,Rio de Janeiro,RS,Online,Jovem
243,Luiz Felipe Monteiro,49,F,Belo Horizonte,RS,Loja Física,Adulto
244,Caio Leão,21,F,Porto Alegre,RJ,Online,Jovem
245,Dr. José Casa Grande,28,M,São Paulo,PR,Online,Adulto
246,Maysa Viana,34,M,Belo Horizonte,PR,Online,Adulto
247,Liam da Cruz,55,F,Belo Horizonte,RJ,Online,Adulto
248,Nathan Caldeira,41,M,Curitiba,MG,Online,Adulto
249,Dra. Ana Liz Rios,22,F,Rio de Janeiro,MG,Loja Física,Jovem
250,Stephany Moura,69,M,Belo Horizonte,RS,Loja Física,Idoso
251,Ana Liz Ribeiro,51,M,Belo Horizonte,SP,Online,Adulto
252,João Pereira,23,M,Porto Alegre,MG,Loja Física,Jovem
253,Hellena Gonçalves,39,M,Porto Alegre,SP,Online,Adulto
254,Fernando Silveira,28,M,São Paulo,PR,Online,Adulto
255,Benjamin Nogueira,65,M,Curitiba,SP,Online,Adulto
256,Felipe Pimenta,33,M,São Paulo,PR,Online,Adulto
257,Anthony Gabriel Gomes,50,F,Porto Alegre,RJ,Online,Adulto
258,Srta. Bruna Ribeiro,26,F,Rio de Janeiro,RJ,Loja Física,Adulto
259,Juliana Martins,23,F,Porto Alegre,RS,Loja Física,Jovem
260,Luiza Correia,33,F,Curitiba,MG,Online,Adulto
261,Valentina Casa Grande,46,F,Porto Alegre,RS,Loja Física,Adulto
262,Bento Sousa,20,M,Curitiba,PR,Online,Jovem
263,Luara Sousa,37,M,Curitiba,RS,Loja Física,Adulto
264,Lívia Cirino,53,F,Curitiba,SP,Online,Adulto
265,Bruno Pereira,36,M,Curitiba,PR,Loja Física,Adulto
266,Nicole Campos,43,F,Curitiba,RJ,Online,Adulto
267,Rafael da Paz,20,F,Rio de Janeiro,MG,Online,Jovem
268,Raul Camargo,36,M,São Paulo,PR,Loja Física,Adulto
269,Ester Azevedo,37,M,Belo Horizonte,PR,Loja Física,Adulto
270,Nicole da Cunha,49,M,São Paulo,SP,Online,Adulto
271,Sophie Pastor,24,F,Curitiba,MG,Loja Física,Jovem
272,Mirella Lopes,69,M,Rio de Janeiro,RJ,Online,Idoso
273,Allana Duarte,58,F,Porto Alegre,PR,Loja Física,Adulto
274,Théo Monteiro,50,F,Rio de Janeiro,PR,Loja Física,Adulto
275,João Miguel Borges,57,F,Curitiba,SP,Online,Adulto
276,Larissa Sales,56,M,Rio de Janeiro,RS,Loja Física,Adulto
277,Vitor Hugo Viana,35,M,Rio de Janeiro,RJ,Loja Física,Adulto
278,Mariah da Rosa,57,F,Curitiba,MG,Online,Adulto
279,Clarice Correia,18,M,Rio de Janeiro,PR,Loja Física,Jovem
280,Hellena Cirino,28,M,Belo Horizonte,PR,Online,Adulto
281,Alexandre Câmara,45,M,Belo Horizonte,RJ,Online,Adulto
282,Dr. Arthur Miguel Garcia,42,F,Rio de Janeiro,RS,Online,Adulto
283,Henry Gabriel Ramos,67,F,Porto Alegre,PR,Online,Idoso
284,Natália Lima,40,M,Curitiba,RJ,Online,Adulto
285,Luísa Sampaio,48,F,Belo Horizonte,SP,Loja Física,Adulto
286,Maria Júlia Casa Grande,47,M,Porto Alegre,RS,Online,Adulto
287,Alexandre Correia,59,M,Rio de Janeiro,MG,Online,Adulto
288,Kaique Gonçalves,52,M,Porto Alegre,PR,Loja Física,Adulto
289,Pedro Guerra,24,M,São Paulo,RJ,Loja Física,Jovem
290,Gabriela Pacheco,33,F,Belo Horizonte,SP,Loja Física,Adulto
291,Francisco Rezende,43,F,Rio de Janeiro,MG,Online,Adulto
292,João Lucas Cavalcanti,65,F,Curitiba,RJ,Online,Adulto
293,Yan Barbosa,69,M,Rio de Janeiro,RJ,Online,Idoso
294,Bianca Alves,66,M,Curitiba,MG,Loja Física,Idoso
295,Thomas Machado,19,M,Rio de Janeiro,SP,Online,Jovem
296,Dr. Mateus Cavalcante,18,F,Porto Alegre,SP,Loja Física,Jovem
297,Luiza Andrade,65,M,Porto Alegre,RS,Online,Adulto
298,Cecília Costela,29,F,Porto Alegre,PR,Loja Física,Adulto
299,Maria Fernanda da Luz,22,F,São Paulo,MG,Online,Jovem
300,Maria Júlia da Cunha,54,F,Curitiba,MG,Online,Adulto
301,Henrique Sousa,49,F,Porto Alegre,MG,Online,Adulto
302,João Guilherme Pimenta,26,F,São Paulo,SP,Loja Física,Adulto
303,Bernardo Duarte,58,F,Curitiba,PR,Loja Física,Adulto
304,João Vitor Albuquerque,52,M,Rio de Janeiro,RS,Online,Adulto
305,Maria Eduarda Guerra,36,M,São Paulo,RJ,Online,Adulto
306,Isaque Nascimento,65,F,Belo Horizonte,RJ,Online,Adulto
307,Ágatha Ramos,33,F,São Paulo,MG,Loja Física,Adulto
308,Paulo Farias,20,M,São Paulo,PR,Online,Jovem
309,Antônio Siqueira,37,F,Curitiba,SP,Online,Adulto
310,Ana Cecília Aparecida,41,F,Rio de Janeiro,PR,Online,Adulto
311,Miguel Ramos,50,M,Belo Horizonte,PR,Online,Adulto
312,Lorena Porto,41,F,Porto Alegre,SP,Loja Física,Adulto
313,Lunna Rodrigues,69,F,Porto Alegre,MG,Loja Física,Idoso
314,Pedro Miguel da Luz,28,F,São Paulo,PR,Online,Adulto
315,Manuela Nunes,66,M,Curitiba,RJ,Online,Idoso
316,Stella Freitas,25,M,Curitiba,SP,Loja Física,Jovem
317,Rael Cavalcanti,53,M,Porto Alegre,RS,Loja Física,Adulto
318,Cecilia Garcia,55,F,Belo Horizonte,MG,Online,Adulto
319,Antonella Sá,57,F,Rio de Janeiro,SP,Loja Física,Adulto
320,Eduarda da Cunha,37,M,Belo Horizonte,RS,Loja Física,Adulto
321,João Guilherme Jesus,52,F,Rio de Janeiro,RS,Online,Adulto
322,Levi Macedo,65,F,Porto Alegre,PR,Loja Física,Adulto
323,Vicente Leão,42,F,Rio de Janeiro,PR,Loja Física,Adulto
324,Dra. Maria Luiza Rodrigues,52,F,Curitiba,PR,Online,Adulto
325,Alana Sales,42,F,São Paulo,SP,Online,Adulto
326,Maria Isis Vieira,46,M,São Paulo,SP,Loja Física,Adulto
327,Isabela Alves,35,F,Porto Alegre,MG,Online,Adulto
328,Stephany Rodrigues,63,M,Curitiba,PR,Loja Física,Adulto
329,Brayan Araújo,35,F,Belo Horizonte,RS,Online,Adulto
330,Luana Novaes,19,M,Curitiba,RJ,Loja Física,Jovem
331,Daniela Santos,52,F,São Paulo,MG,Online,Adulto
332,Catarina Campos,33,M,São Paulo,SP,Loja Física,Adulto
333,Davi Campos,58,F,Curitiba,MG,Loja Física,Adulto
334,Nathan Mendonça,53,M,Curitiba,MG,Loja Física,Adulto
335,Letícia Costa,50,F,São Paulo,MG,Online,Adulto
336,Allana Brito,21,M,Belo Horizonte,MG,Online,Jovem
337,Davi Cunha,50,F,Porto Alegre,RJ,Loja Física,Adulto
338,Maria Isis Rodrigues,31,M,Porto Alegre,PR,Loja Física,Adulto
339,Yuri Vargas,38,M,Curitiba,RS,Online,Adulto
340,Gabrielly das Neves,65,F,Porto Alegre,MG,Online,Adulto
341,Dr. Nathan Albuquerque,37,F,São Paulo,MG,Online,Adulto
342,Srta. Agatha Gomes,25,M,São Paulo,MG,Online,Jovem
343,Ágatha Siqueira,24,F,Curitiba,PR,Online,Jovem
344,Bella Machado,20,M,Curitiba,SP,Online,Jovem
345,Pietra Aragão,34,M,Curitiba,SP,Loja Física,Adulto
346,Maria Júlia Oliveira,50,M,Belo Horizonte,RJ,Online,Adulto
347,Maria Cecília Lima,65,F,Porto Alegre,SP,Loja Física,Adulto
348,Sara Moreira,29,M,Curitiba,MG,Online,Adulto
349,Gustavo Rocha,68,M,Rio de Janeiro,MG,Online,Idoso
350,Davi Luiz Peixoto,39,F,Rio de Janeiro,MG,Loja Física,Adulto
351,Manuela Castro,39,F,São Paulo,RJ,Loja Física,Adulto
352,Alice da Mota,63,F,Porto Alegre,MG,Online,Adulto
353,Fernanda Machado,47,F,Curitiba,SP,Loja Física,Adulto
354,Henry Fogaça,55,M,Rio de Janeiro,PR,Loja Física,Adulto
355,Milena Jesus,55,M,Porto Alegre,PR,Loja Física,Adulto
356,Isabelly Novais,62,M,São Paulo,RS,Loja Física,Adulto
357,Carlos Eduardo da Costa,68,M,Belo Horizonte,SP,Online,Idoso
358,Júlia Cirino,25,F,Porto Alegre,MG,Loja Física,Jovem
359,Ana Cecília Fogaça,44,M,Porto Alegre,PR,Online,Adulto
360,Ravi Lucca Freitas,44,M,Belo Horizonte,SP,Online,Adulto
361,Ana Sophia Moreira,51,F,Porto Alegre,PR,Online,Adulto
362,Camila Carvalho,38,M,São Paulo,MG,Online,Adulto
363,Sofia Pinto,47,M,São Paulo,PR,Loja Física,Adulto
364,Leandro Brito,50,M,Belo Horizonte,RS,Loja Física,Adulto
365,Ana Luiza Castro,45,M,Curitiba,RS,Online,Adulto
366,Clara Guerra,64,M,Rio de Janeiro,PR,Online,Adulto
367,Marina Moreira,50,M,Curitiba,SP,Online,Adulto
368,Leonardo Carvalho,22,F,Porto Alegre,SP,Online,Jovem
369,Zoe Ferreira,65,F,Rio de Janeiro,SP,Loja Física,Adulto
370,Melina Campos,36,M,Belo Horizonte,PR,Online,Adulto
371,Emanuella Fernandes,21,M,Belo Horizonte,SP,Loja Física,Jovem
372,Sophia Santos,52,F,Rio de Janeiro,MG,Online,Adulto
373,Eduarda Nunes,66,M,São Paulo,RS,Online,Idoso
374,Samuel Sousa,34,M,Rio de Janeiro,MG,Online,Adulto
375,Gabriela Cunha,61,M,Porto Alegre,SP,Online,Adulto
376,Srta. Eloah Cassiano,45,F,São Paulo,MG,Loja Física,Adulto
377,Brayan Jesus,47,M,Belo Horizonte,SP,Loja Física,Adulto
378,Nathan Cavalcanti,46,F,Rio de Janeiro,PR,Loja Física,Adulto
379,Luiz Miguel Siqueira,63,M,Curitiba,MG,Online,Adulto
380,Laura Gomes,23,F,Curitiba,PR,Online,Jovem
381,Luna Caldeira,52,F,Porto Alegre,PR,Loja Física,Adulto
382,Dom Sousa,58,M,Curitiba,RJ,Loja Física,Adulto
383,Maysa Fernandes,54,F,Rio de Janeiro,SP,Online,Adulto
384,Maria Clara Novaes,41,M,Rio de Janeiro,RS,Online,Adulto
385,Benicio Fogaça,46,F,Curitiba,SP,Loja Física,Adulto
386,Lunna Costa,66,M,Rio de Janeiro,RS,Online,Idoso
387,Ryan Novais,63,M,Porto Alegre,SP,Online,Adulto
388,Maria Alice Cavalcanti,48,F,São Paulo,PR,Loja Física,Adulto
389,Emilly Melo,52,M,Porto Alegre,MG,Online,Adulto
390,João Lucas Rocha,50,M,Porto Alegre,MG,Loja Física,Adulto
391,Arthur Miguel Oliveira,69,F,Rio de Janeiro,RJ,Online,Idoso
392,Vitor Hugo Rodrigues,38,M,São Paulo,RS,Loja Física,Adulto
393,Benício Fonseca,49,M,Rio de Janeiro,RS,Online,Adulto
394,Emanuel da Rocha,40,F,Belo Horizonte,RS,Loja Física,Adulto
395,Breno Rios,50,F,Rio de Janeiro,PR,Loja Física,Adulto
396,Ravi Lucca Ferreira,20,M,Rio de Janeiro,RS,Loja Física,Jovem
397,Juan Martins,35,M,Rio de Janeiro,MG,Loja Física,Adulto
398,Mariane Vargas,42,F,São Paulo,PR,Online,Adulto
399,Enrico Sales,59,F,Rio de Janeiro,SP,Online,Adulto
400,Lara Jesus,48,M,São Paulo,RS,Loja Física,Adulto
401,Dra. Ana Beatriz Brito,20,F,Curitiba,RS,Online,Jovem
402,Dr. Vitor Hugo Novaes,57,M,Belo Horizonte,SP,Online,Adulto
403,Dr. Murilo Abreu,63,M,São Paulo,RS,Online,Adulto
404,Anna Liz Macedo,41,M,Curitiba,SP,Online,Adulto
405,Gael Pacheco,67,M,São Paulo,PR,Online,Idoso
406,Kaique Sales,49,M,São Paulo,MG,Loja Física,Adulto
407,Carlos Eduardo Mendonça,64,F,Belo Horizonte,SP,Loja Física,Adulto
408,Raul Pastor,39,F,Porto Alegre,RJ,Loja Física,Adulto
409,Daniela Freitas,40,F,Porto Alegre,SP,Loja Física,Adulto
410,Emanuel Aragão,19,F,São Paulo,RS,Online,Jovem
411,Dra. Beatriz Siqueira,44,M,Rio de Janeiro,PR,Online,Adulto
412,Maria Luiza Leão,59,M,Curitiba,PR,Loja Física,Adulto
413,Olivia da Rocha,19,M,Rio de Janeiro,SP,Online,Jovem
414,Arthur Gabriel Peixoto,43,M,Rio de Janeiro,MG,Online,Adulto
415,Vitor Hugo Rios,34,F,São Paulo,RJ,Loja Física,Adulto
416,Yasmin Melo,57,M,São Paulo,PR,Online,Adulto
417,Ravy Santos,50,M,São Paulo,RS,Loja Física,Adulto
418,Bianca Moreira,26,F,São Paulo,RS,Loja Física,Adulto
419,Giovanna Pimenta,60,F,Porto Alegre,MG,Online,Adulto
420,Agatha Novaes,65,F,São Paulo,PR,Online,Adulto
421,Samuel da Rocha,56,F,Porto Alegre,SP,Loja Física,Adulto
422,João Felipe Fernandes,46,M,Porto Alegre,RS,Loja Física,Adulto
423,Vitor Gabriel da Cunha,59,M,São Paulo,MG,Online,Adulto
424,Dra. Aurora Gonçalves,43,F,Belo Horizonte,PR,Loja Física,Adulto
425,Theodoro Silveira,52,M,Curitiba,PR,Loja Física,Adulto
426,Joana Oliveira,67,M,Rio de Janeiro,PR,Loja Física,Idoso
427,Luiz Miguel Pastor,42,M,Porto Alegre,PR,Online,Adulto
428,Maria Liz Carvalho,41,F,Curitiba,PR,Loja Física,Adulto
429,Ana Julia Gonçalves,30,M,Belo Horizonte,RS,Online,Adulto
430,Lavínia Vieira,24,F,Rio de Janeiro,MG,Loja Física,Jovem
431,Emilly Cirino,53,M,Rio de Janeiro,PR,Online,Adulto
432,Dr. Brayan Vieira,62,M,Porto Alegre,RJ,Loja Física,Adulto
433,Dr. Matteo Leão,37,M,São Paulo,RJ,Online,Adulto
434,Arthur Gabriel da Costa,18,F,Belo Horizonte,MG,Online,Jovem
435,Isabel Castro,25,M,Porto Alegre,SP,Online,Jovem
436,Otto Ferreira,63,F,Belo Horizonte,SP,Loja Física,Adulto
437,Luiza da Cruz,33,F,São Paulo,SP,Loja Física,Adulto
438,Melissa Pimenta,31,F,São Paulo,RJ,Loja Física,Adulto
439,Srta. Ana Carolina Barros,29,M,Porto Alegre,SP,Online,Adulto
440,Mirella Pires,68,M,São Paulo,RS,Loja Física,Idoso
441,Ryan Sales,40,M,Curitiba,PR,Online,Adulto
442,Lavínia Pinto,32,M,Rio de Janeiro,RJ,Loja Física,Adulto
443,Ester Duarte,45,F,Porto Alegre,MG,Online,Adulto
444,Luiz Gustavo Rios,51,F,Belo Horizonte,MG,Online,Adulto
445,Dr. Joaquim Nunes,19,F,Curitiba,PR,Online,Jovem
446,Eduarda Machado,49,M,Porto Alegre,RJ,Loja Física,Adulto
447,Fernando Ribeiro,40,F,São Paulo,SP,Loja Física,Adulto
448,Yuri Almeida,39,M,São Paulo,SP,Loja Física,Adulto
449,Fernanda Rodrigues,68,F,São Paulo,RS,Online,Idoso
450,Manuella Viana,42,M,São Paulo,RS,Online,Adulto
451,Marcos Vinicius Oliveira,39,M,Belo Horizonte,SP,Loja Física,Adulto
452,Guilherme da Mata,39,F,Curitiba,MG,Loja Física,Adulto
453,André Albuquerque,66,F,Rio de Janeiro,MG,Loja Física,Idoso
454,Olivia Pinto,69,F,Belo Horizonte,RS,Online,Idoso
455,Yan Porto,59,F,Belo Horizonte,PR,Online,Adulto
456,Giovanna Pires,23,M,Rio de Janeiro,SP,Online,Jovem
457,Carlos Eduardo Teixeira,32,F,Rio de Janeiro,RS,Online,Adulto
458,Murilo Vieira,60,F,São Paulo,RS,Online,Adulto
459,Agatha Freitas,54,F,Belo Horizonte,SP,Loja Física,Adulto
460,Ana Sophia Cavalcante,50,M,Porto Alegre,SP,Online,Adulto
461,Hadassa Marques,25,M,Rio de Janeiro,MG,Online,Jovem
462,Léo da Mata,61,F,Rio de Janeiro,PR,Online,Adulto
463,Zoe Ramos,61,M,Curitiba,PR,Online,Adulto
464,João Miguel Ferreira,22,F,Porto Alegre,SP,Online,Jovem
465,Ana Liz Nogueira,56,M,Porto Alegre,RJ,Loja Física,Adulto
466,Diogo Sales,21,M,Rio de Janeiro,RS,Online,Jovem
467,Nicole Garcia,23,M,São Paulo,RS,Online,Jovem
468,Maria Flor Ferreira,62,M,Curitiba,SP,Online,Adulto
469,Alícia Cirino,49,F,Porto Alegre,RJ,Loja Física,Adulto
470,Isadora Fernandes,69,F,Rio de Janeiro,MG,Loja Física,Idoso
471,Antony Jesus,47,F,Porto Alegre,SP,Loja Física,Adulto
472,Danilo Lima,64,M,Curitiba,SP,Online,Adulto
473,Laura Rodrigues,52,F,Curitiba,RS,Loja Física,Adulto
474,Valentina Pereira,57,F,Belo Horizonte,SP,Online,Adulto
475,Erick Fernandes,69,F,Rio de Janeiro,SP,Online,Idoso
476,Augusto Porto,33,M,Curitiba,SP,Loja Física,Adulto
477,Caio Pastor,30,M,Belo Horizonte,RS,Online,Adulto
478,Yago Gonçalves,67,M,Belo Horizonte,MG,Online,Idoso
479,Dra. Lara Lima,59,F,Porto Alegre,MG,Online,Adulto
480,Raul Mendonça,47,F,Porto Alegre,SP,Loja Física,Adulto
481,João Vitor da Paz,36,F,Belo Horizonte,RS,Online,Adulto
482,Asafe Novaes,34,M,Porto Alegre,MG,Online,Adulto
483,Mariane Guerra,36,M,Curitiba,MG,Loja Física,Adulto
484,Ana Laura Novaes,45,F,São Paulo,MG,Online,Adulto
485,Dr. Otto Casa Grande,43,M,Curitiba,RS,Online,Adulto
486,Srta. Luísa Costela,54,M,Belo Horizonte,RS,Loja Física,Adulto
487,Diego Duarte,43,M,Belo Horizonte,SP,Online,Adulto
488,João Miguel Macedo,40,M,Curitiba,PR,Online,Adulto
489,Manuela Cirino,26,F,Porto Alegre,MG,Online,Adulto
490,Thiago Moreira,29,M,Porto Alegre,PR,Online,Adulto
491,Dra. Mariana Pastor,18,M,Belo Horizonte,RS,Online,Jovem
492,Mirella Marques,18,M,Rio de Janeiro,RS,Loja Física,Jovem
493,Gustavo Freitas,64,M,Porto Alegre,RS,Loja Física,Adulto
494,Kevin Casa Grande,51,F,Curitiba,PR,Loja Física,Adulto
495,Isabella da Conceição,49,F,Porto Alegre,RS,Loja Física,Adulto
496,Caroline Araújo,65,M,Curitiba,SP,Online,Adulto
497,Srta. Ayla das Neves,42,M,Belo Horizonte,RS,Online,Adulto
498,Felipe Sousa,57,M,Porto Alegre,RJ,Online,Adulto
499,Dra. Natália Garcia,62,M,Curitiba,PR,Online,Adulto
500,Rhavi Pacheco,18,M,Belo Horizonte,RJ,Online,Jovem
501,Fernando Cirino,33,M,Rio de Janeiro,RS,Loja Física,Adulto
502,Theo Alves,56,F,Curitiba,SP,Loja Física,Adulto
503,Daniela Novais,22,M,Rio de Janeiro,MG,Online,Jovem
504,Alana Sales,39,F,Rio de Janeiro,RS,Online,Adulto
505,Maria Clara Borges,46,F,São Paulo,SP,Online,Adulto
506,Alice Nogueira,20,M,Porto Alegre,PR,Loja Física,Jovem
507,Stella Pacheco,29,F,Curitiba,RJ,Online,Adulto
508,Matheus da Costa,43,F,Rio de Janeiro,RJ,Online,Adulto
509,Emilly Aragão,33,F,São Paulo,RJ,Online,Adulto
510,Benjamim Carvalho,68,F,Belo Horizonte,PR,Loja Física,Idoso
511,Luísa Garcia,54,F,Curitiba,SP,Online,Adulto
512,Agatha Cardoso,39,F,Rio de Janeiro,PR,Loja Física,Adulto
513,João Lucas Vieira,46,M,Porto Alegre,RJ,Loja Física,Adulto
514,Luísa da Conceição,31,F,São Paulo,RS,Loja Física,Adulto
515,Alana Fernandes,45,F,Rio de Janeiro,MG,Loja Física,Adulto
516,Dr. Danilo Dias,22,F,Porto Alegre,PR,Loja Física,Jovem
517,Renan da Cruz,64,M,Rio de Janeiro,PR,Loja Física,Adulto
518,Ian Mendes,66,F,Curitiba,SP,Online,Idoso
519,Thiago Montenegro,47,M,Curitiba,SP,Online,Adulto
520,Luísa Barbosa,63,F,Curitiba,PR,Online,Adulto
521,Matteo Ferreira,69,M,São Paulo,RJ,Loja Física,Idoso
522,Maria Vitória Pastor,22,M,Curitiba,MG,Online,Jovem
523,Asafe Mendonça,29,F,Porto Alegre,SP,Loja Física,Adulto
524,Dr. Murilo Nunes,33,F,Rio de Janeiro,RJ,Loja Física,Adulto
525,Anna Liz Novais,43,M,Belo Horizonte,RS,Loja Física,Adulto
526,Ana Sophia Pastor,43,F,Porto Alegre,SP,Online,Adulto
527,Bárbara da Conceição,65,M,Porto Alegre,RJ,Loja Física,Adulto
528,Kaique Pereira,38,M,Curitiba,RJ,Loja Física,Adulto
529,Samuel Jesus,56,M,São Paulo,MG,Online,Adulto
530,Luana Moura,53,M,Rio de Janeiro,MG,Online,Adulto
531,Sophie Sá,50,M,São Paulo,RS,Loja Física,Adulto
532,Isabela Rios,47,F,Rio de Janeiro,RJ,Loja Física,Adulto
533,Cecília Mendonça,54,M,Rio de Janeiro,RJ,Online,Adulto
534,Amanda Andrade,40,M,São Paulo,MG,Online,Adulto
535,Alice Silveira,27,F,Porto Alegre,SP,Online,Adulto
536,Eloah Nascimento,22,M,Rio de Janeiro,SP,Loja Física,Jovem
537,Vinicius da Mota,53,F,São Paulo,PR,Online,Adulto
538,Cauê Câmara,51,F,Rio de Janeiro,MG,Online,Adulto
539,Anthony Carvalho,69,F,Belo Horizonte,PR,Online,Idoso
540,Zoe Moura,48,M,Porto Alegre,MG,Loja Física,Adulto
541,Pedro Lucas Peixoto,27,M,Curitiba,RS,Online,Adulto
542,Raquel Novais,36,M,Rio de Janeiro,RJ,Online,Adulto
543,Mariane Sampaio,49,F,Belo Horizonte,RS,Online,Adulto
544,Helena Pires,18,M,Curitiba,MG,Online,Jovem
545,Srta. Natália Sales,22,F,Curitiba,RJ,Online,Jovem
546,Theo Lopes,62,M,Rio de Janeiro,SP,Loja Física,Adulto
547,Ana Beatriz Sampaio,21,F,São Paulo,SP,Loja Física,Jovem
548,Marcos Vinicius Pacheco,33,M,Rio de Janeiro,PR,Loja Física,Adulto
549,Daniela da Paz,41,M,Belo Horizonte,MG,Online,Adulto
550,Srta. Heloisa Sales,33,M,Curitiba,MG,Loja Física,Adulto
551,Dr. Vinícius Nascimento,19,F,Rio de Janeiro,SP,Loja Física,Jovem
552,Maria Cecília Peixoto,66,F,São Paulo,RS,Loja Física,Idoso
553,Raul Martins,45,M,Rio de Janeiro,RJ,Online,Adulto
554,João Guilherme Cunha,49,M,Porto Alegre,RS,Online,Adulto
555,Mariane das Neves,44,F,São Paulo,RS,Loja Física,Adulto
556,Valentim Farias,37,F,Belo Horizonte,SP,Loja Física,Adulto
557,Bernardo Cunha,41,F,Curitiba,SP,Online,Adulto
558,Melissa Vasconcelos,29,M,Rio de Janeiro,SP,Online,Adulto
559,Lucas Gabriel Fogaça,67,F,São Paulo,PR,Loja Física,Idoso
560,Dra. Heloísa Fernandes,52,M,Porto Alegre,RS,Online,Adulto
561,Benicio Correia,50,F,São Paulo,MG,Loja Física,Adulto
562,Maria Liz Araújo,50,M,Porto Alegre,RJ,Online,Adulto
563,Isabel Fonseca,68,F,Belo Horizonte,PR,Loja Física,Idoso
564,Aylla Jesus,60,F,Curitiba,MG,Loja Física,Adulto
565,João Silva,54,F,Belo Horizonte,RS,Online,Adulto
566,Isis da Cunha,29,F,Rio de Janeiro,SP,Loja Física,Adulto
567,Bianca Peixoto,20,F,São Paulo,RS,Loja Física,Jovem
568,Dra. Pietra Vargas,18,M,Porto Alegre,RJ,Loja Física,Jovem
569,Sofia Nunes,50,F,Porto Alegre,PR,Online,Adulto
570,Beatriz Santos,57,F,São Paulo,PR,Online,Adulto
571,Raul Casa Grande,27,F,São Paulo,RJ,Online,Adulto
572,Cauê Abreu,60,M,Rio de Janeiro,MG,Loja Física,Adulto
573,Maria Liz Vieira,61,F,Belo Horizonte,MG,Online,Adulto
574,Luana Costela,46,M,Porto Alegre,PR,Loja Física,Adulto
575,Dr. Isaac Leão,30,F,Rio de Janeiro,PR,Loja Física,Adulto
576,Maria Isis Fonseca,29,F,Belo Horizonte,SP,Online,Adulto
577,Juan Mendes,48,M,Rio de Janeiro,MG,Online,Adulto
578,Oliver Mendonça,63,F,Porto Alegre,RJ,Loja Física,Adulto
579,Renan Cassiano,19,M,São Paulo,MG,Loja Física,Jovem
580,Antony Camargo,68,M,São Paulo,SP,Online,Idoso
581,Dr. José Leão,67,F,Belo Horizonte,PR,Online,Idoso
582,Isis Albuquerque,52,M,Curitiba,PR,Online,Adulto
583,Agatha Siqueira,40,F,Belo Horizonte,SP,Loja Física,Adulto
584,Benicio Cavalcante,34,F,Curitiba,RJ,Loja Física,Adulto
585,Sarah Ribeiro,43,M,Rio de Janeiro,PR,Loja Física,Adulto
586,Sabrina Vargas,25,M,Rio de Janeiro,RS,Loja Física,Jovem
587,Ana Cecília Pimenta,46,M,Porto Alegre,PR,Loja Física,Adulto
588,Renan Rios,43,M,Curitiba,RS,Online,Adulto
589,Léo Fernandes,27,F,Porto Alegre,SP,Online,Adulto
590,Heloísa Melo,43,F,São Paulo,SP,Loja Física,Adulto
591,Leonardo da Mata,51,M,Curitiba,PR,Loja Física,Adulto
592,Caleb Abreu,68,F,Belo Horizonte,MG,Online,Idoso
593,Olivia Pastor,58,F,São Paulo,RS,Online,Adulto
594,Ester da Costa,24,F,São Paulo,RJ,Online,Jovem
595,Dr. Caio Silva,21,F,Belo Horizonte,PR,Online,Jovem
596,Ana Vitória Cardoso,67,M,São Paulo,RJ,Loja Física,Idoso
597,Isabella da Costa,62,M,Curitiba,PR,Online,Adulto
598,Sophia Mendonça,28,F,Porto Alegre,MG,Loja Física,Adulto
599,Ian Teixeira,46,M,São Paulo,MG,Online,Adulto
600,Eloah Novaes,53,M,Curitiba,MG,Online,Adulto
601,Emanuelly Pinto,42,M,Rio de Janeiro,MG,Online,Adulto
602,Sarah Borges,38,F,Curitiba,SP,Loja Física,Adulto
603,Ana Cecília Porto,53,F,Porto Alegre,SP,Loja Física,Adulto
604,Bruno Silveira,27,F,Curitiba,RS,Online,Adulto
605,Ryan Casa Grande,54,M,Belo Horizonte,RJ,Loja Física,Adulto
606,Caio Mendonça,26,F,Porto Alegre,PR,Loja Física,Adulto
607,Valentim Santos,41,F,Rio de Janeiro,PR,Online,Adulto
608,Alice Vargas,52,M,Belo Horizonte,SP,Online,Adulto
609,Antony Cardoso,66,F,Curitiba,PR,Loja Física,Idoso
610,João Lucas Siqueira,52,F,Porto Alegre,SP,Loja Física,Adulto
611,Srta. Gabriela Caldeira,65,M,Rio de Janeiro,RS,Loja Física,Adulto
612,Gael Machado,53,M,Belo Horizonte,RJ,Online,Adulto
613,Benjamin Pacheco,35,M,Rio de Janeiro,RS,Online,Adulto
614,Marcelo da Mata,66,F,Curitiba,MG,Loja Física,Idoso
615,Ágatha Moreira,56,F,Rio de Janeiro,MG,Online,Adulto
616,Sara Leão,49,F,São Paulo,MG,Online,Adulto
617,Aylla Montenegro,41,M,Belo Horizonte,RS,Loja Física,Adulto
618,Camila Cavalcanti,40,M,Rio de Janeiro,PR,Loja Física,Adulto
619,Luiz Felipe Costa,49,F,Curitiba,RJ,Online,Adulto
620,Vicente Ramos,54,F,Curitiba,MG,Online,Adulto
621,Maria Sampaio,29,M,Rio de Janeiro,MG,Loja Física,Adulto
622,Isaque Dias,66,M,Curitiba,MG,Online,Idoso
623,Joaquim Pacheco,30,M,Porto Alegre,RJ,Online,Adulto
624,Erick Lopes,40,M,Porto Alegre,MG,Loja Física,Adulto
625,Joana Pinto,42,F,Porto Alegre,RJ,Loja Física,Adulto
626,Emanuel Souza,52,M,São Paulo,MG,Online,Adulto
627,Lorenzo Camargo,58,F,Rio de Janeiro,RS,Online,Adulto
628,Fernanda Macedo,47,F,São Paulo,RS,Online,Adulto
629,Mariana Novaes,34,F,Curitiba,RJ,Loja Física,Adulto
630,Joana da Mata,66,M,São Paulo,RS,Online,Idoso
631,Yuri Aparecida,37,M,Curitiba,RJ,Online,Adulto
632,Leandro Jesus,65,M,Curitiba,RS,Loja Física,Adulto
633,Luara Albuquerque,42,M,Belo Horizonte,RS,Loja Física,Adulto
634,Heitor das Neves,39,F,Porto Alegre,RJ,Online,Adulto
635,Lucas Gabriel Brito,30,M,Curitiba,PR,Loja Física,Adulto
636,Davi Miguel Sales,36,M,Belo Horizonte,RS,Loja Física,Adulto
637,Srta. Ester da Rosa,66,F,Porto Alegre,MG,Online,Idoso
638,Dr. Davi Guerra,53,M,Curitiba,PR,Loja Física,Adulto
639,Luna Gonçalves,29,F,Curitiba,RJ,Loja Física,Adulto
640,Antônio Camargo,58,F,São Paulo,PR,Online,Adulto
641,Enrico Castro,36,F,São Paulo,SP,Loja Física,Adulto
642,Lorena da Costa,29,F,Porto Alegre,SP,Online,Adulto
643,Kamilly Ramos,26,F,Curitiba,RS,Online,Adulto
644,Dom Fogaça,24,F,Rio de Janeiro,RS,Loja Física,Jovem
645,Theo Ferreira,45,F,São Paulo,MG,Loja Física,Adulto
646,Guilherme Costa,31,F,Porto Alegre,PR,Loja Física,Adulto
647,Dra. Raquel Rodrigues,48,M,Curitiba,SP,Online,Adulto
648,Maria Júlia Peixoto,69,M,Curitiba,RS,Loja Física,Idoso
649,Emilly Aragão,36,M,Rio de Janeiro,PR,Online,Adulto
650,Ester Lopes,64,M,Porto Alegre,RS,Loja Física,Adulto
651,Benicio Almeida,33,F,Curitiba,RS,Loja Física,Adulto
652,Luiza Alves,22,M,São Paulo,SP,Loja Física,Jovem
653,Enrico Marques,52,F,Rio de Janeiro,SP,Online,Adulto
654,Dr. Yuri Novaes,29,M,Porto Alegre,RS,Loja Física,Adulto
655,Antonella Brito,42,M,Rio de Janeiro,RJ,Loja Física,Adulto
656,Sarah Freitas,69,M,São Paulo,RS,Online,Idoso
657,Rhavi Nascimento,38,F,Porto Alegre,RS,Online,Adulto
658,Maysa Abreu,53,M,Rio de Janeiro,MG,Loja Física,Adulto
659,Diego Pinto,40,F,Belo Horizonte,MG,Loja Física,Adulto
660,Srta. Manuella Costela,33,F,São Paulo,MG,Loja Física,Adulto
661,Maria Câmara,56,M,São Paulo,RJ,Online,Adulto
662,Olivia Dias,62,M,São Paulo,RJ,Online,Adulto
663,Ana Cecília Albuquerque,59,M,Belo Horizonte,RS,Online,Adulto
664,Bernardo Barros,56,F,Belo Horizonte,MG,Online,Adulto
665,Maria Fernanda Andrade,31,M,Curitiba,RJ,Loja Física,Adulto
666,Dr. Raul da Rocha,48,F,Rio de Janeiro,SP,Online,Adulto
667,Ísis Pimenta,22,F,Curitiba,RS,Online,Jovem
668,Asafe Nascimento,52,M,Rio de Janeiro,PR,Online,Adulto
669,Valentina Garcia,40,M,Belo Horizonte,RS,Loja Física,Adulto
670,Letícia Gonçalves,46,F,Belo Horizonte,PR,Loja Física,Adulto
671,Laís Melo,60,F,Curitiba,MG,Online,Adulto
672,Ana Dias,28,F,Porto Alegre,PR,Online,Adulto
673,Lara Câmara,35,M,Curitiba,MG,Loja Física,Adulto
674,Isabela Teixeira,64,F,Rio de Janeiro,SP,Loja Física,Adulto
675,José Pedro Dias,29,M,Curitiba,PR,Loja Física,Adulto
676,Otávio Barros,26,F,São Paulo,RS,Loja Física,Adulto
677,Rael Rios,27,F,Rio de Janeiro,MG,Loja Física,Adulto
678,Dra. Rafaela Porto,61,M,Rio de Janeiro,RS,Loja Física,Adulto
679,Miguel Oliveira,34,F,Porto Alegre,RJ,Loja Física,Adulto
680,Lorenzo Rodrigues,55,M,Belo Horizonte,MG,Loja Física,Adulto
681,Rebeca das Neves,24,M,Rio de Janeiro,PR,Online,Jovem
682,Isadora da Costa,63,F,Belo Horizonte,MG,Online,Adulto
683,Camila Cirino,30,M,Curitiba,RS,Online,Adulto
684,Clarice Novais,57,M,São Paulo,SP,Online,Adulto
685,Srta. Daniela Abreu,59,F,Porto Alegre,MG,Online,Adulto
686,Pietro Sales,26,M,Belo Horizonte,PR,Online,Adulto
687,Yuri Rezende,67,M,Rio de Janeiro,RJ,Loja Física,Idoso
688,Ravi Jesus,44,M,Belo Horizonte,SP,Loja Física,Adulto
689,Vicente Aparecida,19,F,Rio de Janeiro,RJ,Online,Jovem
690,Luiz Fernando Cunha,22,M,Belo Horizonte,MG,Online,Jovem
691,Gael Cirino,46,F,Rio de Janeiro,RS,Loja Física,Adulto
692,Marcela Rocha,54,F,Curitiba,RS,Loja Física,Adulto
693,João Guilherme Lima,55,M,Rio de Janeiro,PR,Loja Física,Adulto
694,Aurora Brito,36,M,Rio de Janeiro,RS,Online,Adulto
695,Laís Gonçalves,25,M,São Paulo,SP,Loja Física,Jovem
696,Beatriz Pereira,65,F,Rio de Janeiro,RS,Online,Adulto
697,Dr. Antony Costa,62,M,São Paulo,PR,Online,Adulto
698,Beatriz Farias,18,M,Porto Alegre,MG,Loja Física,Jovem
699,Yan Vasconcelos,39,M,São Paulo,MG,Loja Física,Adulto
700,Pietro Silveira,69,M,Curitiba,RS,Online,Idoso
701,Benjamim Pastor,34,M,São Paulo,RJ,Loja Física,Adulto
702,Dra. Heloisa Costela,24,F,Porto Alegre,MG,Loja Física,Jovem
703,Gabriela Abreu,42,F,Curitiba,RS,Online,Adulto
704,Melina Moura,62,M,Belo Horizonte,PR,Loja Física,Adulto
705,Dra. Bárbara Rios,21,M,Belo Horizonte,RS,Online,Jovem
706,Emanuelly Souza,53,M,São Paulo,MG,Online,Adulto
707,Melissa Pires,23,M,São Paulo,PR,Loja Física,Jovem
708,Bianca das Neves,48,F,Porto Alegre,RS,Online,Adulto
709,Heloisa da Conceição,36,M,Porto Alegre,SP,Online,Adulto
710,Emanuelly Nascimento,61,F,Rio de Janeiro,PR,Loja Física,Adulto
711,Maria Júlia Santos,56,F,Porto Alegre,SP,Loja Física,Adulto
712,Heloísa Freitas,44,M,Rio de Janeiro,RJ,Loja Física,Adulto
713,Bruno Vieira,27,F,Curitiba,PR,Online,Adulto
714,Henrique Cavalcanti,43,F,São Paulo,SP,Online,Adulto
715,Ísis Casa Grande,36,F,Curitiba,MG,Loja Física,Adulto
716,Maria Júlia Oliveira,56,F,Porto Alegre,MG,Online,Adulto
717,Rafael Costela,20,M,Curitiba,RJ,Loja Física,Jovem
718,Eduarda da Rosa,62,M,Curitiba,PR,Loja Física,Adulto
719,Raquel Pimenta,30,F,Curitiba,PR,Online,Adulto
720,Maitê Caldeira,67,M,Porto Alegre,PR,Loja Física,Idoso
721,Brayan Monteiro,45,M,Curitiba,RJ,Online,Adulto
722,Ana Lívia da Paz,37,M,Rio de Janeiro,PR,Online,Adulto
723,Dra. Isadora Sousa,45,M,Porto Alegre,MG,Loja Física,Adulto
724,Gabriel Alves,25,M,Curitiba,SP,Online,Jovem
725,Beatriz Jesus,58,F,Porto Alegre,MG,Loja Física,Adulto
726,Esther Moreira,56,M,Belo Horizonte,MG,Online,Adulto
727,Rhavi Teixeira,18,M,Rio de Janeiro,SP,Online,Jovem
728,Aylla Peixoto,20,M,Curitiba,MG,Online,Jovem
729,Jade Costela,30,M,Belo Horizonte,RJ,Loja Física,Adulto
730,Ayla Montenegro,45,F,Belo Horizonte,SP,Online,Adulto
731,Dra. Anna Liz da Rocha,66,F,Porto Alegre,MG,Loja Física,Idoso
732,Arthur Miguel Freitas,42,F,Belo Horizonte,RS,Online,Adulto
733,Brenda Marques,50,F,Rio de Janeiro,MG,Online,Adulto
734,Josué Monteiro,55,M,Rio de Janeiro,RJ,Loja Física,Adulto
735,Matheus Silva,23,F,São Paulo,PR,Loja Física,Jovem
736,Dr. Francisco Marques,61,M,Rio de Janeiro,MG,Loja Física,Adulto
737,Maria Eduarda Cardoso,62,M,Belo Horizonte,PR,Loja Física,Adulto
738,Ayla Lopes,49,M,Rio de Janeiro,RS,Loja Física,Adulto
739,Natália Cunha,62,M,Porto Alegre,MG,Online,Adulto
740,Dr. Rafael Gonçalves,64,M,São Paulo,SP,Online,Adulto
741,Otto Dias,38,F,Belo Horizonte,PR,Loja Física,Adulto
742,Helena Campos,33,F,São Paulo,RS,Online,Adulto
743,Cauê Ramos,38,F,Belo Horizonte,SP,Online,Adulto
744,Clarice Sampaio,28,F,Porto Alegre,SP,Online,Adulto
745,Srta. Eloá Aparecida,54,M,São Paulo,SP,Loja Física,Adulto
746,Mariane Gonçalves,53,F,Curitiba,SP,Online,Adulto
747,Emanuel das Neves,52,M,Belo Horizonte,MG,Online,Adulto
748,Maria Azevedo,36,F,Curitiba,MG,Online,Adulto
749,Yasmin da Cunha,37,M,São Paulo,MG,Loja Física,Adulto
750,Raul Siqueira,35,M,Curitiba,RS,Online,Adulto
751,Vitor Gabriel Barbosa,64,F,Curitiba,RS,Online,Adulto
752,Mariah Mendes,58,M,São Paulo,RS,Loja Física,Adulto
753,João Felipe Silva,66,M,Porto Alegre,RJ,Loja Física,Idoso
754,João Gabriel Alves,31,F,Curitiba,RS,Online,Adulto
755,Paulo da Mata,32,M,Curitiba,MG,Online,Adulto
756,Noah da Paz,48,F,Porto Alegre,MG,Loja Física,Adulto
757,Valentina Mendonça,18,F,Curitiba,RJ,Loja Física,Jovem
758,Gabriela Ferreira,20,F,Curitiba,RJ,Loja Física,Jovem
759,Ana Clara Araújo,33,M,Curitiba,RS,Loja Física,Adulto
760,Ravy Abreu,40,M,Rio de Janeiro,PR,Loja Física,Adulto
761,Gabriel Duarte,28,M,Porto Alegre,RJ,Loja Física,Adulto
762,Maria Cecília Sousa,29,F,Curitiba,SP,Loja Física,Adulto
763,Ana Lívia Leão,27,M,Porto Alegre,MG,Online,Adulto
764,Henrique Lima,49,F,Belo Horizonte,SP,Loja Física,Adulto
765,Luiz Otávio Andrade,33,F,Belo Horizonte,MG,Loja Física,Adulto
766,Dr. João Felipe Campos,25,M,Curitiba,MG,Online,Jovem
767,Gustavo Henrique Mendonça,55,F,Porto Alegre,RJ,Loja Física,Adulto
768,Ana Laura Rodrigues,29,M,Porto Alegre,RJ,Loja Física,Adulto
769,Luiz Fernando da Rosa,41,M,Porto Alegre,SP,Online,Adulto
770,Maysa Cavalcanti,45,M,Rio de Janeiro,MG,Loja Física,Adulto
771,Theodoro Pimenta,25,M,Belo Horizonte,SP,Online,Jovem
772,Yan Ferreira,45,M,Porto Alegre,PR,Online,Adulto
773,Eloah Castro,53,F,Porto Alegre,SP,Online,Adulto
774,Dra. Isis Duarte,43,F,Rio de Janeiro,RS,Online,Adulto
775,Rodrigo Fogaça,25,F,Rio de Janeiro,SP,Loja Física,Jovem
776,Dra. Letícia Abreu,67,M,Porto Alegre,RS,Online,Idoso
777,Luiz Gustavo da Rosa,45,M,São Paulo,RS,Online,Adulto
778,Arthur Rios,45,M,Porto Alegre,RS,Loja Física,Adulto
779,Daniel Campos,54,F,Porto Alegre,PR,Online,Adulto
780,Henry Machado,58,M,Rio de Janeiro,SP,Online,Adulto
781,Mariah Barros,53,F,Rio de Janeiro,SP,Online,Adulto
782,Heloisa Vieira,44,F,Porto Alegre,PR,Online,Adulto
783,Letícia Cavalcanti,34,M,Porto Alegre,MG,Loja Física,Adulto
784,Luiz Otávio Garcia,26,M,Porto Alegre,RJ,Online,Adulto
785,Yuri Jesus,50,F,Rio de Janeiro,SP,Loja Física,Adulto
786,Gabriela Garcia,37,M,Porto Alegre,RJ,Loja Física,Adulto
787,Emanuelly Pinto,30,F,Porto Alegre,PR,Online,Adulto
788,Ravi Lucca Freitas,45,M,Curitiba,MG,Online,Adulto
789,Carlos Eduardo Abreu,65,M,São Paulo,MG,Online,Adulto
790,Bella Aragão,46,F,Belo Horizonte,MG,Online,Adulto
791,Isaac Campos,30,M,São Paulo,PR,Loja Física,Adulto
792,Dr. Pedro Lucas Barros,63,F,Curitiba,RS,Loja Física,Adulto
793,Dr. Bernardo Oliveira,52,M,Belo Horizonte,RS,Loja Física,Adulto
794,Dra. Isabela Almeida,23,F,Porto Alegre,RJ,Online,Jovem
795,Bruna Alves,35,F,Curitiba,RS,Loja Física,Adulto
796,Leandro Rezende,68,M,Porto Alegre,RS,Online,Idoso
797,Samuel Silveira,22,F,Rio de Janeiro,MG,Online,Jovem
798,Danilo Rezende,64,M,Curitiba,MG,Online,Adulto
799,Maitê Moura,42,M,Rio de Janeiro,RJ,Online,Adulto
800,Sofia Martins,19,M,Curitiba,SP,Online,Jovem
801,Cauê Vieira,27,F,Curitiba,RJ,Loja Física,Adulto
802,Isadora Siqueira,47,F,Rio de Janeiro,RJ,Loja Física,Adulto
803,Asafe das Neves,67,M,Belo Horizonte,PR,Online,Idoso
804,Jade Lima,62,M,São Paulo,PR,Loja Física,Adulto
805,Luana Cirino,22,F,Porto Alegre,RJ,Online,Jovem
806,Isaac Guerra,50,M,Curitiba,RJ,Online,Adulto
807,Lara Ferreira,18,M,Porto Alegre,RJ,Online,Jovem
808,Alexia Macedo,35,F,Rio de Janeiro,RS,Loja Física,Adulto
809,Mirella Leão,49,M,Porto Alegre,PR,Online,Adulto
810,Alana Marques,64,F,Rio de Janeiro,RJ,Online,Adulto
811,Fernando Monteiro,66,M,Porto Alegre,MG,Loja Física,Idoso
812,Maria Liz Rios,28,F,São Paulo,MG,Loja Física,Adulto
813,Juliana Cavalcante,38,M,São Paulo,RS,Loja Física,Adulto
814,Nathan Ferreira,43,M,São Paulo,RS,Online,Adulto
815,Olívia Dias,42,F,São Paulo,SP,Online,Adulto
816,Anthony Gabriel Moraes,39,M,São Paulo,SP,Loja Física,Adulto
817,Maria Luísa Leão,44,F,São Paulo,SP,Online,Adulto
818,Sara Guerra,66,M,Rio de Janeiro,RS,Loja Física,Idoso
819,Allana Borges,30,F,Curitiba,RS,Loja Física,Adulto
820,Ana Vitória Pereira,50,F,Porto Alegre,RS,Online,Adulto
821,Henry Fonseca,51,F,São Paulo,MG,Online,Adulto
822,Mateus Viana,58,F,Rio de Janeiro,RS,Loja Física,Adulto
823,Rafael Ribeiro,52,M,Rio de Janeiro,MG,Loja Física,Adulto
824,Gabrielly Vieira,18,M,Rio de Janeiro,SP,Loja Física,Jovem
825,Caleb Andrade,38,F,Curitiba,SP,Loja Física,Adulto
826,Raul Dias,65,F,Porto Alegre,SP,Online,Adulto
827,Maria Flor Novaes,23,F,Curitiba,RJ,Loja Física,Jovem
828,Davi Cavalcante,45,M,Belo Horizonte,RJ,Loja Física,Adulto
829,Breno Mendonça,34,M,Rio de Janeiro,PR,Loja Física,Adulto
830,Luiza Costela,22,M,Belo Horizonte,PR,Online,Jovem
831,Letícia Alves,48,M,São Paulo,PR,Online,Adulto
832,Rafael Melo,22,F,São Paulo,RJ,Loja Física,Jovem
833,Vitor Hugo Alves,55,F,Curitiba,RJ,Online,Adulto
834,Pedro Miguel Rios,20,F,Porto Alegre,PR,Online,Jovem
835,Thales Pinto,40,M,Belo Horizonte,PR,Online,Adulto
836,Miguel Lima,54,M,Porto Alegre,RS,Loja Física,Adulto
837,Lavínia da Cruz,54,M,Curitiba,PR,Loja Física,Adulto
838,Théo Dias,27,F,São Paulo,RS,Online,Adulto
839,Dra. Camila Pastor,27,F,Porto Alegre,MG,Loja Física,Adulto
840,João Gabriel da Cunha,36,M,Porto Alegre,RJ,Loja Física,Adulto
841,Fernando Souza,34,F,São Paulo,PR,Online,Adulto
842,Esther Cunha,38,M,Belo Horizonte,RJ,Online,Adulto
843,Enrico Leão,31,M,São Paulo,RJ,Loja Física,Adulto
844,Luísa Alves,26,F,Porto Alegre,RJ,Online,Adulto
845,Pietra Nascimento,63,M,Belo Horizonte,MG,Loja Física,Adulto
846,Leandro Pereira,18,F,Belo Horizonte,SP,Loja Física,Jovem
847,Joana Martins,68,M,São Paulo,PR,Online,Idoso
848,Julia da Luz,62,F,Porto Alegre,SP,Loja Física,Adulto
849,Isabela da Cunha,30,F,Curitiba,SP,Loja Física,Adulto
850,Bryan Ramos,21,F,Porto Alegre,SP,Online,Jovem
851,Yasmin Sampaio,18,M,Rio de Janeiro,RJ,Online,Jovem
852,Vitor Hugo Aragão,66,M,Curitiba,RS,Online,Idoso
853,João Miguel Monteiro,57,F,Belo Horizonte,RJ,Loja Física,Adulto
854,Heitor Souza,49,F,Curitiba,RJ,Online,Adulto
855,Heitor Ribeiro,51,M,Belo Horizonte,SP,Online,Adulto
856,Pedro Henrique Nascimento,45,M,Belo Horizonte,RJ,Online,Adulto
857,Rafaela da Conceição,48,M,Curitiba,SP,Online,Adulto
858,Diogo da Rosa,25,F,Belo Horizonte,RS,Loja Física,Jovem
859,Marcelo Peixoto,56,M,Belo Horizonte,PR,Loja Física,Adulto
860,Dr. Vitor Hugo Gomes,43,M,Rio de Janeiro,SP,Online,Adulto
861,Heloísa Vasconcelos,51,F,Porto Alegre,RS,Loja Física,Adulto
862,Valentim Moreira,20,M,Porto Alegre,PR,Online,Jovem
863,Raquel Pires,67,M,Rio de Janeiro,MG,Online,Idoso
864,João Vitor Caldeira,29,M,Curitiba,SP,Loja Física,Adulto
865,Juliana da Costa,18,F,São Paulo,SP,Loja Física,Jovem
866,Mateus Fogaça,61,F,São Paulo,MG,Online,Adulto
867,João Lucas Viana,22,F,São Paulo,MG,Online,Jovem
868,Letícia Dias,47,F,Rio de Janeiro,SP,Loja Física,Adulto
869,Gael Henrique Silva,47,F,Rio de Janeiro,MG,Online,Adulto
870,Catarina Nogueira,34,F,Belo Horizonte,RJ,Loja Física,Adulto
871,Isabela Silva,65,F,São Paulo,PR,Online,Adulto
872,Dr. Yan da Mata,64,M,Curitiba,PR,Online,Adulto
873,Dra. Julia Costela,40,M,Curitiba,PR,Loja Física,Adulto
874,Ana Julia Abreu,32,F,São Paulo,RJ,Loja Física,Adulto
875,Matheus Lopes,54,M,São Paulo,MG,Loja Física,Adulto
876,Luiza Cirino,38,M,São Paulo,RS,Loja Física,Adulto
877,Isaque Almeida,31,F,Rio de Janeiro,MG,Loja Física,Adulto
878,Asafe Pereira,19,M,Rio de Janeiro,SP,Loja Física,Jovem
879,Maria Freitas,28,M,Rio de Janeiro,PR,Loja Física,Adulto
880,Davi Luiz Porto,68,M,Porto Alegre,MG,Online,Idoso
881,Ravi Lucca Campos,56,M,Curitiba,RS,Online,Adulto
882,Vitor Lopes,55,M,Curitiba,SP,Online,Adulto
883,Marcela Monteiro,51,F,Belo Horizonte,RJ,Loja Física,Adulto
884,Dra. Maria Flor da Cunha,55,F,Rio de Janeiro,RJ,Loja Física,Adulto
885,Clara Martins,67,F,Porto Alegre,RS,Loja Física,Idoso
886,Aylla Leão,51,M,Porto Alegre,SP,Online,Adulto
887,Dr. Gabriel Vasconcelos,35,F,Curitiba,PR,Loja Física,Adulto
888,Rhavi Farias,47,M,Rio de Janeiro,MG,Loja Física,Adulto
889,Alícia Machado,32,M,Belo Horizonte,SP,Online,Adulto
890,Melina Fonseca,44,M,Rio de Janeiro,RJ,Loja Física,Adulto
891,Valentim das Neves,68,M,São Paulo,RS,Online,Idoso
892,Srta. Isadora Melo,51,F,Rio de Janeiro,RS,Online,Adulto
893,Marcelo Guerra,69,F,São Paulo,MG,Loja Física,Idoso
894,Carolina Oliveira,55,M,São Paulo,RS,Loja Física,Adulto
895,Valentim Fogaça,50,F,Belo Horizonte,RS,Loja Física,Adulto
896,Maria Isis Caldeira,41,M,Curitiba,SP,Online,Adulto
897,Kevin Gonçalves,32,F,Rio de Janeiro,PR,Online,Adulto
898,Eduarda Brito,47,F,São Paulo,MG,Online,Adulto
899,Anthony Guerra,59,M,Rio de Janeiro,SP,Loja Física,Adulto
900,Benício Pastor,68,F,Curitiba,PR,Loja Física,Idoso
901,Ana Beatriz Moura,34,M,Curitiba,SP,Loja Física,Adulto
902,Ana Carolina Pimenta,22,F,Porto Alegre,SP,Loja Física,Jovem
903,Heloísa da Conceição,46,M,Curitiba,RS,Online,Adulto
904,Elisa Gonçalves,21,M,Belo Horizonte,PR,Online,Jovem
905,Dr. Erick Mendonça,27,F,São Paulo,MG,Online,Adulto
906,Catarina Duarte,34,F,Porto Alegre,MG,Online,Adulto
907,Isaac da Costa,27,M,Belo Horizonte,PR,Loja Física,Adulto
908,Yan Santos,34,F,Rio de Janeiro,RS,Loja Física,Adulto
909,Breno Andrade,37,F,São Paulo,RJ,Loja Física,Adulto
910,Srta. Ágatha Vargas,41,M,Curitiba,SP,Online,Adulto
911,Luiz Henrique Rodrigues,22,M,São Paulo,RS,Online,Jovem
912,Júlia Jesus,51,F,Rio de Janeiro,PR,Loja Física,Adulto
913,Carolina Araújo,23,M,Porto Alegre,SP,Loja Física,Jovem
914,Luan Cavalcanti,19,M,Porto Alegre,MG,Online,Jovem
915,Jade Freitas,30,M,Porto Alegre,RJ,Loja Física,Adulto
916,Sara Barbosa,60,F,Curitiba,MG,Online,Adulto
917,Gabriel Marques,60,F,Belo Horizonte,PR,Online,Adulto
918,Vitor Pereira,65,M,Belo Horizonte,SP,Online,Adulto
919,Pedro Lucas Borges,28,F,São Paulo,PR,Loja Física,Adulto
920,Bento Costela,68,M,Curitiba,SP,Loja Física,Idoso
921,Srta. Maria Flor Rocha,64,F,Porto Alegre,RS,Online,Adulto
922,Thales Cassiano,40,M,Porto Alegre,RJ,Loja Física,Adulto
923,Otávio Fonseca,33,M,Rio de Janeiro,RS,Online,Adulto
924,Laura Vargas,48,F,Rio de Janeiro,RS,Online,Adulto
925,Murilo Cunha,28,M,Porto Alegre,PR,Online,Adulto
926,Bento Brito,33,F,Porto Alegre,RJ,Online,Adulto
927,Srta. Eduarda Fonseca,25,F,Curitiba,SP,Loja Física,Jovem
928,Maya da Conceição,21,M,Belo Horizonte,SP,Online,Jovem
929,Lucas Gabriel Moreira,57,M,Rio de Janeiro,MG,Online,Adulto
930,Ágatha Santos,21,F,Belo Horizonte,SP,Loja Física,Jovem
931,Maitê Sampaio,42,M,Curitiba,PR,Online,Adulto
932,Sophia Vargas,20,M,Porto Alegre,RS,Online,Jovem
933,Maria Júlia Macedo,49,M,Belo Horizonte,RS,Loja Física,Adulto
934,Gabriel Cardoso,20,M,Porto Alegre,RS,Loja Física,Jovem
935,Luiz Otávio da Rosa,44,M,Porto Alegre,RJ,Loja Física,Adulto
936,Raul Moraes,46,F,São Paulo,SP,Online,Adulto
937,Isaque Casa Grande,49,F,Belo Horizonte,PR,Loja Física,Adulto
938,Sara Andrade,67,M,Belo Horizonte,RJ,Loja Física,Idoso
939,Ayla Freitas,68,M,Porto Alegre,MG,Online,Idoso
940,Srta. Isis Nascimento,36,M,Curitiba,PR,Online,Adulto
941,Dra. Brenda Brito,38,F,São Paulo,PR,Online,Adulto
942,Gael Henrique Caldeira,22,M,Porto Alegre,PR,Online,Jovem
943,Thales Barros,35,F,Rio de Janeiro,RS,Online,Adulto
944,Luiz Otávio Sousa,45,F,Rio de Janeiro,PR,Loja Física,Adulto
945,Nina Vieira,59,F,São Paulo,SP,Loja Física,Adulto
946,Bernardo Costela,39,M,Curitiba,PR,Loja Física,Adulto
947,Maria Eduarda Farias,38,F,Porto Alegre,RS,Online,Adulto
948,Bruna Cunha,23,M,Belo Horizonte,PR,Online,Jovem
949,Zoe Ribeiro,18,F,São Paulo,MG,Online,Jovem
950,Vinícius da Luz,22,M,Curitiba,MG,Loja Física,Jovem
951,Pedro Alves,58,F,Belo Horizonte,RS,Loja Física,Adulto
952,Raul Lima,29,M,Rio de Janeiro,SP,Online,Adulto
953,Gabriela Alves,43,F,Rio de Janeiro,SP,Loja Física,Adulto
954,Arthur Miguel das Neves,63,M,Belo Horizonte,RJ,Online,Adulto
955,Srta. Agatha Costela,51,M,São Paulo,RS,Loja Física,Adulto
956,Ana Vitória Vasconcelos,66,M,Rio de Janeiro,PR,Loja Física,Idoso
957,Dra. Alana Barbosa,31,M,Porto Alegre,RS,Loja Física,Adulto
958,Maria Laura Moreira,43,F,Belo Horizonte,RJ,Online,Adulto
959,André Ribeiro,62,F,Belo Horizonte,RS,Loja Física,Adulto
960,Laís Costela,44,M,Rio de Janeiro,RS,Loja Física,Adulto
961,Noah Alves,26,F,São Paulo,RJ,Online,Adulto
962,Carlos Eduardo Leão,43,M,Porto Alegre,SP,Loja Física,Adulto
963,Beatriz Lopes,64,M,São Paulo,PR,Online,Adulto
964,Heloisa Jesus,39,F,Curitiba,RJ,Online,Adulto
965,Luana Siqueira,64,M,Curitiba,MG,Online,Adulto
966,Bryan Mendes,47,M,Rio de Janeiro,SP,Online,Adulto
967,Bruna Pires,60,F,Rio de Janeiro,MG,Online,Adulto
968,Isaac Silveira,65,M,Rio de Janeiro,SP,Loja Física,Adulto
969,Anthony Gabriel Brito,34,M,Curitiba,PR,Online,Adulto
970,Caleb Fogaça,43,M,São Paulo,PR,Online,Adulto
971,Aurora Ribeiro,53,M,São Paulo,RS,Online,Adulto
972,Srta. Amanda Farias,18,F,Rio de Janeiro,MG,Online,Jovem
973,Dr. Joaquim Costela,25,F,Porto Alegre,SP,Loja Física,Jovem
974,Yasmin Pimenta,66,F,São Paulo,PR,Online,Idoso
975,Juliana Albuquerque,52,M,Curitiba,RJ,Loja Física,Adulto
976,Danilo da Cunha,69,M,Belo Horizonte,PR,Online,Idoso
977,João Gabriel Brito,32,F,Belo Horizonte,RJ,Loja Física,Adulto
978,Mathias Oliveira,64,M,Belo Horizonte,SP,Online,Adulto
979,Isabel Marques,39,M,Porto Alegre,PR,Online,Adulto
980,Arthur Gabriel Nascimento,31,M,Rio de Janeiro,PR,Loja Física,Adulto
981,Kaique Azevedo,43,M,Curitiba,SP,Online,Adulto
982,Ravy Ribeiro,45,F,Porto Alegre,PR,Loja Física,Adulto
983,Mariana Macedo,40,F,Curitiba,RJ,Online,Adulto
984,Maria Isis da Costa,31,F,Curitiba,PR,Loja Física,Adulto
985,Matheus Moraes,41,M,Rio de Janeiro,MG,Online,Adulto
986,Milena Câmara,19,F,Belo Horizonte,RS,Online,Jovem
987,Júlia Sampaio,62,F,Rio de Janeiro,RJ,Loja Física,Adulto
988,Ana Julia Sampaio,43,M,Porto Alegre,MG,Online,Adulto
989,Cauã Costa,31,M,Porto Alegre,SP,Online,Adulto
990,Vinícius Alves,68,F,Porto Alegre,RJ,Online,Idoso
991,Yan Macedo,24,F,Rio de Janeiro,RS,Online,Jovem
992,Antônio Mendes,20,F,Curitiba,RS,Online,Jovem
993,Breno Mendonça,64,F,Curitiba,SP,Online,Adulto
994,Juan Sales,40,M,São Paulo,SP,Loja Física,Adulto
995,Antônio Costa,63,F,Porto Alegre,RJ,Loja Física,Adulto
996,Yuri Pinto,60,F,Curitiba,PR,Loja Física,Adulto
997,Srta. Anna Liz Mendonça,64,M,São Paulo,SP,Online,Adulto
998,Liz da Cunha,62,F,Curitiba,PR,Loja Física,Adulto
999,Maria Cecília Vasconcelos,35,M,Porto Alegre,MG,Online,Adulto
1000,Kamilly Teixeira,55,M,Belo Horizonte,RS,Online,Adulto
